{
    "ios": {
        "debug": {
            "codeSignIdentity": "iPhone Distribution: Venkatachalam Dekshinamurthy (MZ26ZPET2W)",
            "developmentTeam": "MZ26ZPET2W",
            "provisioningProfile": "Mac mini new provisioning profile",
             "Provisioning Profile (Deprecated)": "Automatic",
            "packageType": "development",
            "buildFlag": [
                "EMBEDDED_CONTENT_CONTAINS_SWIFT = YES",
                "ALWAYS_EMBED_SWIFT_STANDARD_LIBRARIES=NO",
                "LD_RUNPATH_SEARCH_PATHS = \"@executable_path/Frameworks\""
            ]
        },
       "release": {
          "codeSignIdentity": "iPhone Distribution: Venkatachalam Dekshinamurthy (MZ26ZPET2W)",
            "developmentTeam": "MZ26ZPET2W",
            "provisioningProfile": "Mac mini new provisioning profile",
             "Provisioning Profile (Deprecated)": "Automatic",
            "packageType": "development",
            "buildFlag": [
                "EMBEDDED_CONTENT_CONTAINS_SWIFT = YES",
                "ALWAYS_EMBED_SWIFT_STANDARD_LIBRARIES=NO",
                "LD_RUNPATH_SEARCH_PATHS = \"@executable_path/Frameworks\""
            ]
        }
    }
}
